StateWellNumber,LatDD,LonDD,Avg_Fl,chtexture_texcl,Well_Depth,slope_l,slope_r,slope_h,elev_l,elev_r,elev_h,sandtotal_l,sandtotal_r,sandtotal_h,claytotal_l,claytotal_r,claytotal_h,om_l,om_r,om_h,ksat_l,ksat_r,ksat_h,awc_l,awc_r,awc_h,wsatiated_l,wsatiated_r,wsatiated_h,ll_l,ll_r,ll_h,pi_l,pi_r,pi_h,kwfact,kffact,ec_l,ec_r,ec_h,ph_l,ph_r,ph_h,PPT,Tmean,Aquifer,FN_ID
625502,35.561112,-101.927222,0.8,Loam,290,1,2,3,762,991,1219,0,33.5,0,25,30,35,0.5,0.75,1,4,9,14,0.14,0.17,0.19,0,39,0,28,34,40,12,17,22,0.32,0.32,0,0,0,7.4,7.6,7.8,476.191986,14.32,Dockum,3222
641102,35.3525,-101.991667,0.6,Silty clay,165,5,9,12,305,534,762,0,22.1,0,40,50,60,0.1,0.55,1,0.01,0.21,0.42,0.1,0.13,0.15,0,37,0,38,49,60,20,30,40,0.24,0.24,0,1,2,7.9,8.2,8.4,479.417999,14.4,Dockum,3080
641613,35.295,-101.881667,2.31,Loam,308,1,2,3,762,991,1219,0,33.5,0,25,30,35,0.5,0.75,1,4,9,14,0.14,0.17,0.19,0,39,0,28,34,40,12,17,22,0.32,0.32,0,0,0,7.4,7.6,7.8,488.987976,14.379999,Dockum,3035
642901,35.287778,-101.751389,0.8,Clay loam,258,3,4,5,823,1044,1265,25,34.700001,45,22,28.1,40,1.5,2.5,3,1.4,5.7,14,0.12,0.17,0.18,35,41,47,35,43,56,15,19,28,0.32,0.32,0,1,2,7.4,7.9,8.4,503.322998,14.219999,Dockum,3037
650814,35.146389,-101.814445,2.39,Clay loam,384,0,0.5,1,853,1128,1524,25,34.700001,45,27,28.1,40,1.5,2.5,3,1.4,5.7,14,0.12,0.17,0.18,35,41,47,35,43,56,15,19,28,0.32,0.32,0,1,2,7.4,7.9,8.4,494.407989,14.11,Dockum,2942
650902,35.146111,-101.759167,2.74,Clay loam,427,0,0.5,1,823,1128,1433,25,34.700001,45,22,28.1,40,1.5,2.5,3,1.4,5.7,14,0.12,0.17,0.18,35,41,47,35,43,56,15,19,28,0.32,0.32,0,1,2,7.4,7.9,8.4,500.608978,14.179999,Dockum,2943
651603,35.205278,-101.650834,3.7,Clay loam,280,0,0.5,1,853,1128,1524,25,34.700001,45,27,28.1,40,1.5,2.5,3,1.4,5.7,14,0.12,0.17,0.18,35,41,47,35,43,56,15,19,28,0.32,0.32,0,1,2,7.4,7.9,8.4,510.404999,14.21,Dockum,2991
657717,35.010834,-101.978333,1.955,Clay loam,510,0,0.5,2,670,1097,1433,30,41.200001,65,22,29.6,35,0.3,0.46,1,4,9,14,0.09,0.12,0.14,35,38,43,32,39,45,14,20,22,0.28,0.28,0,1,2,7.9,8.2,8.4,478.467987,14.42,Dockum,2846
658109,35.113334,-101.868333,2.863333,Fine sandy loam,435,1,2,3,853,1128,1402,55,68.300003,75,10,17.200001,20,0.5,0.8,1,14,28,42,0.1,0.14,0.16,38,44,48,22,29,33,6,11,14,0.2,0.2,0,0.1,2,7.4,8.1,8.4,487.365997,14.12,Dockum,2941
658702,35.027778,-101.845,3.35,Loam,278,0,2,3,792,1128,1615,32,44.700001,52,15,24.6,26,1.5,3.3,3.5,4,9,14,0.1,0.13,0.16,19,29,39,27,38,39,8,12,12,0.17,0.37,0,0.7,2,7.4,8,8.4,484.750977,14.37,Dockum,2847
662203,35.118889,-101.311667,1.2,Sandy clay loam,330,3,4,5,823,1128,1433,25,43,65,22,37,40,0.1,0.3,0.5,4,9,14,0.1,0.13,0.16,32,37,44,32,40,51,15,17,29,0.24,0.24,0,1,2,7.9,8.5,9,567.362976,14.24,Dockum,2949
663701,35.020833,-101.248056,1,Silty clay loam,306,0,0.4,1,914,1128,1372,5,12.3,20,27,33.900002,40,1.5,2.4,3,1.4,2.7,4,0.18,0.2,0.22,39,42,49,41,49,58,19,24,29,0.37,0.37,0,0.5,2,6.6,7.5,7.8,554.950012,14.45,Dockum,2856
728401,35.544445,-102.601389,1.3,Clay loam,320,1,2,3,762,1067,1372,0,34.700001,0,20,27.5,35,0.1,0.3,0.5,4,9,14,0.1,0.13,0.15,0,36,0,20,27.5,35,7,12,17,0.32,0.32,0,1,2,7.9,8.2,8.4,457.004974,14.2,Dockum,3213
730403,35.561667,-102.355001,0.9,Loam,53,1,2,3,762,991,1219,0,41.400002,0,13,21.5,30,1,1.5,2,4,9,14,0.12,0.15,0.18,0,42,0,24,28,32,8,12,16,0.32,0.32,0,0,0,6.6,7.2,7.8,481.911987,14.46,Dockum,3216
730908,35.5375,-102.288889,0.7,Loamy fine sand,442,0,0.5,1,213,412,610,0,83.5,0,5,10,15,0,0.25,0.5,42,92,141,0.06,0.09,0.11,0,42,0,0,7,14,0,0,0,0.2,0.2,0,0,0,7.4,7.9,8.4,480.741974,14.469999,Dockum,3170
738401,35.435556,-102.339445,0.5,Silty clay loam,403,1,3,5,1524,1524,1524,0,7.3,0,18,26.5,35,0.1,0.25,0.5,4,9,14,0.14,0.18,0.21,0,43,0,20,25,30,5,10,15,0.49,0.49,0,1,2,7.9,8.2,8.4,471.560974,14.08,Dockum,3123
740502,35.446389,-102.062501,1.2,Silt loam,110,0,0.5,1,213,625,1036,0,59.599998,0,10,14,18,0.1,0.3,0.5,14,28,42,0.14,0.17,0.2,0,41,0,16,23,30,0,3.5,7,0.49,0.49,0,1,2,7.9,8.2,8.4,475.130981,14.92,Dockum,3126
743401,35.294444,-102.733889,1.4,Clay loam,230,1,2,3,853,1120,1524,25,34.700001,45,27,28.1,40,1.5,2.5,3,1.4,5.7,14,0.12,0.17,0.18,35,41,47,35,43,56,15,19,28,0.32,0.32,0,1,2,7.4,7.9,8.4,449.029999,13.73,Dockum,3023
743605,35.291945,-102.656945,1.4,Silty clay loam,200,1,2,3,853,1128,1433,20,38.099998,52,18,36.900002,40,0.05,0.1,0.3,4,9,14,0.07,0.1,0.12,30,36,44,22,41,47,3,20,26,0.24,0.24,0,1,2,7.9,8.4,9,449.696991,13.679999,Dockum,3024
747401,35.298889,-102.248889,1,Clay loam,280,0,0.5,1,853,1059,1265,25,34.700001,45,27,28.1,40,1.5,2.5,3,1.4,5.7,14,0.12,0.17,0.18,35,41,47,35,43,56,15,19,28,0.32,0.32,0,1,2,7.4,7.9,8.4,467.391998,13.94,Dockum,3030
750702,35.1475,-102.865834,0.756667,Sandy clay loam,420,3,4,5,670,1085,1158,10,29.200001,60,20,37.400002,40,0.25,0.43,0.5,4,9,14,0.12,0.15,0.16,34,44,45,31,46,46,12,23,24,0.32,0.32,0,1,2,7.9,8.5,9,452.48999,13.73,Dockum,2927
752615,35.166944,-102.516112,2.7,Clay loam,900,0,0.4,1,975,1189,1402,20,23.6,30,27,32.200001,40,2,2.5,3,1.4,2.7,4,0.16,0.19,0.2,46,53,54,41,47,56,19,23,28,0.37,0.37,0,2.6,3,6.6,7.3,8.4,467.823975,13.54,Dockum,2932
752902,35.127778,-102.502223,4.47,Sandy clay loam,872,0,0.5,1,853,1128,1524,25,40.200001,65,22,39.5,40,0.1,0.3,0.5,4,9,14,0.1,0.15,0.17,34,39,44,32,44,59,15,21,36,0.2,0.2,0,1,2,7.9,8.3,9,470.002991,13.63,Dockum,2932
764822,35.029722,-102.045,2.234857,Sandy clay loam,579,3,4,5,670,1085,1158,25,49.599998,70,18,29.6,35,0.1,0.2,0.5,4,9,14,0.08,0.12,0.17,34,39,43,26,36,41,9,16,18,0.28,0.28,1,3.1,5,7.9,8.2,9,480.140991,14.17,Dockum,2845
764823,35.03,-102.051945,2.403375,Clay loam,614,0,0.5,1,853,1128,1524,25,34.700001,45,27,28.1,40,1.5,2.5,3,1.4,5.7,14,0.12,0.17,0.18,35,41,47,35,43,56,15,19,28,0.32,0.32,0,1,2,7.4,7.9,8.4,480.345001,14.17,Dockum,2845
764824,35.035,-102.054167,2.350714,Clay loam,628,1,2,3,670,906,1143,25,32.299999,50,18,31.6,35,1.5,2.5,3,4,9,14,0.12,0.16,0.18,42,44,47,31,47,51,12,22,23,0.28,0.28,0,1,2,7.9,8.2,8.4,480.345001,14.17,Dockum,2845
764929,35.030833,-102.029444,2.121375,Sandy clay loam,604,3,4,5,670,1085,1158,25,49.599998,70,18,29.6,35,0.1,0.2,0.5,4,9,14,0.08,0.12,0.17,34,39,43,26,36,41,9,16,18,0.28,0.28,1,3.1,5,7.9,8.2,9,479.947998,14.17,Dockum,2845
764930,35.029722,-102.033611,2.171444,Sandy clay loam,560,3,4,5,670,1085,1158,25,49.599998,70,18,29.6,35,0.1,0.2,0.5,4,9,14,0.08,0.12,0.17,34,39,43,26,36,41,9,16,18,0.28,0.28,1,3.1,5,7.9,8.2,9,479.947998,14.17,Dockum,2845
864301,35.118889,-103.021111,7,Clay loam,80,1,3,5,1158,1386,1615,5,27.1,65,20,31,50,0.1,0.25,0.5,1.4,9,14,0.12,0.13,0.14,0,43,0,20,30,40,5,11,20,0.37,0.37,0,1,2,7.9,8.2,8.4,440.886993,14.46,Dockum,2925
1001601,34.953056,-102.912222,1.1,Loam,260,0,0.5,1,853,1097,1524,30,50.900002,52,10,19.1,27,1.5,2.5,3,4,9,42,0.1,0.13,0.15,38,42,47,24,35,43,6,14,19,0.32,0.32,0,1,2,6.6,7.2,7.8,459.877991,13.83,Dockum,2786
1002702,34.891945,-102.851945,0.285,Clay loam,225,1,2,3,823,1128,1615,20,35.200001,45,28,31.200001,35,1,2.4,2.5,1.4,7.8,14,0.12,0.15,0.17,43,44,44,40,46,50,19,22,25,0.28,0.28,0,0.2,1,6.6,8.2,8.4,466.106995,13.82,Dockum,2739
1005226,34.968611,-102.442778,0.5,Sandy clay loam,980,0,0.5,1,975,1128,1433,25,43,65,22,37,40,0.1,0.3,0.5,4,9,14,0.1,0.13,0.16,32,37,44,32,40,51,15,21,29,0.24,0.24,0,1,2,7.9,8.5,9,481.752991,13.799999,Dockum,2839
1006832,34.893611,-102.306945,0.8,Sandy clay loam,780,0,0.5,1,853,1128,1524,25,40.200001,65,22,39.5,40,0.1,0.3,0.5,4,9,14,0.1,0.15,0.17,34,39,44,32,44,59,15,21,36,0.2,0.2,0,1,2,7.9,8.3,9,483.589996,14.08,Dockum,2794
1013503,34.802501,-102.423333,6.1925,Loam,954,3,8,12,670,1097,1433,25,49.799999,70,18,21.299999,35,0.1,0.45,0.75,4,9,14,0.1,0.14,0.17,32,39,44,26,31,45,9,13,24,0.37,0.37,0,0.5,2,7.4,8.2,8.4,486.20398,13.96,Dockum,2698
1013639,34.805556,-102.375278,3.15,Sandy clay loam,880,0,0.5,1,853,1128,1524,25,40.200001,65,22,39.5,40,0.1,0.3,0.5,4,9,14,0.1,0.15,0.17,34,39,44,32,44,59,15,21,36,0.2,0.2,0,1,2,7.9,8.3,9,485.781982,13.98,Dockum,2699
1014156,34.836389,-102.369722,2.234,Sandy clay loam,880,0,0.5,1,853,1128,1524,25,40.200001,65,22,39.5,40,0.1,0.3,0.5,4,9,14,0.1,0.15,0.17,34,39,44,32,44,59,15,21,36,0.2,0.2,0,1,2,7.9,8.3,9,485.477997,14.009999,Dockum,2746
1014443,34.821389,-102.370555,2.2,Clay loam,875,1,2,3,823,1128,1615,20,35.200001,45,28,31.200001,35,1,2.4,2.5,1.4,7.8,14,0.12,0.15,0.17,43,44,44,40,46,50,19,22,25,0.28,0.28,0,0.2,1,6.6,8.2,8.4,485.540985,14.009999,Dockum,2746
1015201,34.855001,-102.195278,2.6,Sandy clay loam,154,0,0.5,1,975,1128,1433,25,43,65,22,37,40,0.1,0.3,0.5,4,9,14,0.1,0.13,0.16,32,37,44,32,40,51,15,21,29,0.24,0.24,0,1,2,7.9,8.5,9,482.293976,14.049999,Dockum,2749
1015901,34.772222,-102.1375,1,Clay loam,340,0,0.5,1,853,1128,1524,25,34.700001,45,27,28.1,40,1.5,2.5,3,1.4,5.7,14,0.12,0.17,0.18,35,41,47,35,43,56,15,19,28,0.32,0.32,0,1,2,7.4,7.9,8.4,485.257996,13.87,Dockum,2702
1016103,34.851945,-102.096389,0.7,Clay loam,220,0,0.5,2,670,1097,1433,30,41.200001,65,22,29.6,35,0.3,0.46,1,4,9,14,0.09,0.12,0.14,35,38,43,32,39,45,14,20,22,0.28,0.28,0,1,2,7.9,8.2,8.4,481.767975,13.94,Dockum,2750
1016104,34.8425,-102.121389,1.3,Clay loam,460,1,2,3,823,1128,1615,25,34.700001,45,22,28.1,40,1.5,2.5,3,1.4,5.7,14,0.12,0.17,0.18,35,41,47,35,43,56,15,19,28,0.32,0.32,0,1,2,7.4,7.9,8.4,481.860992,14.03,Dockum,2750
1016702,34.771111,-102.09,1.495,Clay loam,390,0,0.5,1,853,1128,1524,25,34.700001,45,27,28.1,40,1.5,2.5,3,1.4,5.7,14,0.12,0.17,0.18,35,41,47,35,43,56,15,19,28,0.32,0.32,0,1,2,7.4,7.9,8.4,483.850983,13.92,Dockum,2703
1101212,34.983055,-101.950278,2.183333,Clay loam,504,0,0.5,1,853,1128,1524,25,34.700001,45,27,28.1,40,1.5,2.5,3,1.4,5.7,14,0.12,0.17,0.18,35,41,47,35,43,56,15,19,28,0.32,0.32,0,1,2,7.4,7.9,8.4,477.412994,14.42,Dockum,2846
1101607,34.924722,-101.881111,0.42,Clay loam,482,1,2,3,853,1120,1524,25,34.700001,45,27,28.1,40,1.5,2.5,3,1.4,5.7,14,0.12,0.17,0.18,35,41,47,35,43,56,15,19,28,0.32,0.32,0,1,2,7.4,7.9,8.4,478.422974,14.36,Dockum,2800
1105101,34.989444,-101.474444,2.8,Silty clay loam,241,0,0.4,1,914,1128,1372,5,12.3,20,27,33.900002,40,1.5,2.4,3,1.4,2.7,4,0.18,0.2,0.22,39,42,49,41,49,58,19,24,29,0.37,0.37,0,0.5,2,6.6,7.5,7.8,536.967957,14.339999,Dockum,2853
1105302,34.999445,-101.415834,1.5,Silty clay loam,258,0,0.4,1,914,1128,1372,5,12.3,20,27,33.900002,40,1.5,2.4,3,1.4,2.7,4,0.18,0.2,0.22,39,42,49,41,49,58,19,24,29,0.37,0.37,0,0.5,2,6.6,7.5,7.8,547.729981,14.29,Dockum,2853
1105304,34.987222,-101.389722,0.93,Clay loam,242,1,2,3,823,1128,1433,20,38.099998,52,18,36.900002,40,0.05,0.1,0.3,4,9,14,0.07,0.1,0.12,31,36,44,22,41,47,3,19,26,0.24,0.24,0,1,2,7.9,8.4,9,546.935974,14.25,Dockum,2854
1106803,34.908908,-101.326078,1.5,Silty clay loam,310,0,0.4,1,914,1128,1372,5,12.3,20,27,33.900002,40,1.5,2.4,3,1.4,2.7,4,0.18,0.2,0.22,39,42,49,41,49,58,19,24,29,0.37,0.37,0,0.5,2,6.6,7.5,7.8,544.028015,14.44,Dockum,2808
1106906,34.914445,-101.284722,2.7675,Silty clay loam,350,0,0.4,1,914,1128,1372,5,12.3,20,27,33.900002,40,1.5,2.4,3,1.4,2.7,4,0.18,0.2,0.22,39,42,49,41,49,58,19,24,29,0.37,0.37,0,0.5,2,6.6,7.5,7.8,553.617004,14.46,Dockum,2808
1118102,34.735834,-101.865556,2.2,Sandy clay loam,840,1,2,3,792,1128,1463,30,48.5,70,20,33.599998,40,0.1,0.25,0.5,4,9,14,0.09,0.11,0.13,34,38,42,24,38,51,4,16,27,0.2,0.2,0,1,2,7.9,8.4,9,471.010986,14.139999,Dockum,2659
1118104,34.735556,-101.865001,2.89,Sandy clay loam,830,1,2,3,792,1128,1463,30,48.5,70,20,33.599998,40,0.1,0.25,0.5,4,9,14,0.09,0.11,0.13,34,38,42,24,38,51,4,16,27,0.2,0.2,0,1,2,7.9,8.4,9,471.010986,14.139999,Dockum,2659
1121604,34.689722,-101.380833,3.75,Clay loam,400,0,0.5,1,853,1128,1524,25,34.700001,45,27,28.1,40,1.5,2.5,3,1.4,5.7,14,0.12,0.17,0.18,35,41,47,35,43,56,15,19,28,0.32,0.32,0,1,2,7.4,7.9,8.4,519.998962,14.83,Dockum,2666
1126611,34.546667,-101.768611,1.425,Silty clay,825,0,0.4,1,975,1128,1402,5,13.8,25,35,39.099998,45,0.1,0.3,0.5,1.4,2.7,4,0.12,0.14,0.18,35,42,50,42,44,57,16,18,33,0.37,0.37,0,1.9,2,7.9,8,8.4,513.126892,14.429999,Dockum,2566
1126612,34.558889,-101.776944,1.235,Silty clay,801,0,0.4,1,975,1128,1402,5,13.8,25,35,39.099998,45,0.1,0.3,0.5,1.4,2.7,4,0.12,0.14,0.18,35,42,50,42,44,57,16,18,33,0.37,0.37,0,1.9,2,7.9,8,8.4,512.787964,14.37,Dockum,2566
1126916,34.515278,-101.762778,1.926667,Sandy clay loam,860,1,2,3,853,1190,1524,25,40.200001,65,22,39.5,40,0.1,0.3,0.5,4,9,14,0.1,0.15,0.17,34,39,44,32,44,60,15,21,36,0.2,0.2,0,1,2,7.9,8.3,9,513.091003,14.44,Dockum,2520
1129504,34.551945,-101.440278,2.065,Loam,502,5,12,20,549,732,914,30,41.599998,52,15,21,27,0.1,0.55,1,4,9,14,0.1,0.13,0.16,34,39,44,24,32,39,8,14,19,0.28,0.28,1,4,5,7.9,8.3,8.4,525.992004,15.089999,Dockum,2571
1130602,34.552223,-101.256112,0.3,Clay loam,532,0,0.5,1,853,1128,1524,25,34.700001,45,27,28.1,40,1.5,2.5,3,1.4,5.7,14,0.12,0.17,0.18,35,41,47,35,43,56,15,19,28,0.32,0.32,0,1,2,7.4,7.9,8.4,540.776978,14.629999,Dockum,2574
1139904,34.386667,-101.135,2.9,Silt loam,150,10,20,30,305,534,762,0,26.299999,0,15,21,27,0.5,0.75,1,4,9,14,0.15,0.2,0.24,0,43,0,22,28.5,35,6,10,14,0.43,0.43,0,0,0,7.4,7.9,8.4,584.473999,15.83,Dockum,2434
1140705,34.380555,-101.110278,3.15,Silt loam,120,10,20,30,305,534,762,0,26.299999,0,15,21,27,0.5,0.75,1,4,9,14,0.15,0.2,0.24,0,43,0,22,28.5,35,6,10,14,0.43,0.43,0,0,0,7.4,7.9,8.4,588.153015,15.83,Dockum,2435
1155210,34.212501,-101.180555,2.92,Clay loam,300,3,4,5,975,1204,1433,25,38,65,22,33,40,0.1,0.5,0.7,1.4,5.7,14,0.1,0.15,0.18,34,40,44,32,42,51,15,21,29,0.28,0.28,0,1,2,7.9,8.4,9,566.963013,15.36,Dockum,2340
1156507,34.178889,-101.082222,1.336667,Clay loam,337,3,4,5,975,1204,1433,25,38,65,22,33,40,0.1,0.5,0.7,1.4,5.7,14,0.1,0.15,0.18,34,40,44,32,42,51,15,21,29,0.28,0.28,0,1,2,7.9,8.4,9,578.628967,15.509999,Dockum,2341
1156703,34.150278,-101.117222,3,Silty clay loam,310,3,4,5,853,998,1433,20,39.599998,52,15,34.599998,40,0.05,0.1,0.3,4,9,14,0.07,0.1,0.12,31,36,44,21,39,47,2,19,26,0.28,0.28,0,1,2,7.9,8.4,9,574.924988,15.219999,Dockum,2293
1164503,34.059167,-101.060556,0.75,Fine sandy loam,136,0,0.5,2,792,975,1494,50,66.099998,70,5,14,18,0.5,0.75,1,14,28,42,0.1,0.12,0.15,0,41,0,17,26,31,2,9,12,0.2,0.2,0,0,0,7.9,8.2,8.4,567.757996,15.67,Dockum,2247
1164802,34.028333,-101.062778,2.288333,Silty clay loam,298,3,4,5,853,998,1433,20,39.599998,52,15,34.599998,40,0.05,0.1,0.3,4,9,14,0.07,0.1,0.12,31,36,44,21,39,47,2,19,26,0.28,0.28,0,1,2,7.9,8.4,9,564.786987,15.37,Dockum,2247
1164901,34.040278,-101.031111,1.93,Loam,200,0,0.5,1,274,518,762,0,42.099998,0,15,20,25,1,2,3,4,9,14,0.12,0.15,0.18,0,39,0,20,27.5,35,4,9.5,15,0.28,0.28,0,1,2,6.6,7.2,7.8,568.511902,15.67,Dockum,2248
2201301,33.975,-100.905556,0.41,Loam,134,0,0.5,1,274,518,762,0,42.099998,0,15,20,25,1,2,3,4,9,14,0.12,0.15,0.18,0,39,0,20,27.5,35,4,9.5,15,0.28,0.28,0,1,2,6.6,7.2,7.8,575.717957,16.079899,Dockum,2202
2209401,33.816944,-100.961389,1.25,Loam,185,3,12,20,732,1021,1311,35,50.799999,52,10,19.1,25,0.5,1.5,2,4,9,14,0.1,0.13,0.15,37,50,53,22,33,39,6,12,15,0.32,0.32,0,1.4,2,6.6,7.8,8.4,567.60791,16.09,Dockum,2108
2209701,33.778055,-100.963612,1.54,Loam,219,3,12,20,732,1021,1311,35,50.799999,52,10,19.1,25,0.5,1.5,2,4,9,14,0.1,0.13,0.15,37,50,53,22,33,39,6,12,15,0.32,0.32,0,1.4,2,6.6,7.8,8.4,566.380981,16.059999,Dockum,2061
2209801,33.767778,-100.921667,0.8,Sandy clay loam,278,3,6,8,670,906,1143,25,42.299999,70,18,30.1,35,0.1,0.3,0.5,4,9,14,0.08,0.13,0.17,32,40,44,27,38,42,11,18,20,0.32,0.32,1,3.6,5,7.9,8.3,9,568.979981,16.039999,Dockum,2061
2308203,33.995556,-101.046945,2.336667,Clay loam,400,0,0.5,1,853,1128,1524,25,34.700001,45,27,28.1,40,1.5,2.5,3,1.4,5.7,14,0.12,0.17,0.18,35,41,47,35,43,56,15,19,28,0.32,0.32,0,1,2,7.4,7.9,8.4,564.838989,15.57,Dockum,2200
2308303,33.962223,-101.036667,1.95,Clay loam,360,0,0.5,1,853,1128,1524,25,34.700001,45,27,28.1,40,1.5,2.5,3,1.4,5.7,14,0.12,0.17,0.18,35,41,47,35,43,56,15,19,28,0.32,0.32,0,1,2,7.4,7.9,8.4,565.508972,15.599999,Dockum,2201
2315603,33.823055,-101.127778,2.97,Clay loam,517,0,0.4,1,975,1189,1402,10,22,30,35,39.099998,50,0.1,0.26,0.5,0.1,0.6,1,0.15,0.17,0.2,38,44,46,43,48,60,23,27,36,0.37,0.37,0,0.8,2,7.9,8.1,8.4,546.502991,15.629999,Dockum,2105
2316802,33.78,-101.065834,2.61,Clay loam,384,0,0.4,1,975,1189,1402,10,22,30,35,39.099998,50,0.1,0.26,0.5,0.1,0.6,1,0.15,0.17,0.2,38,44,46,43,48,60,23,27,36,0.37,0.37,0,0.8,2,7.9,8.1,8.4,558.265991,15.69,Dockum,2059
2323501,33.681389,-101.171111,4.598333,Loam,237,3,4,5,548.599976,731.5,906.799988,35,58,70,18,21,35,0.3,0.45,0.75,4,9,14,0.08,0.12,0.17,35,39,43,28,31,44,9,12,22,0.32,0.32,0,1,2,7.9,8.2,9,549.557007,16.299999,Dockum,2011
2323802,33.666112,-101.200278,2.625,Loam,465,5,15,20,732,1128,1311,35,49.299999,75,12,22.6,30,0.1,0.3,0.5,4,9,14,0.05,0.07,0.09,24,38,48,22,32,37,6,13,15,0.17,0.32,0,0.9,2,7.9,8.4,9,550.575012,15.98,Dockum,2010
2331301,33.598611,-101.155278,3.035,Loam,80,3,4,5,548.599976,731.5,906.799988,35,58,70,18,21,35,0.3,0.45,0.75,4,9,14,0.08,0.12,0.17,35,39,43,28,31,44,9,12,22,0.32,0.32,0,1,2,7.9,8.2,9,549.477905,16.459999,Dockum,1964
2331501,33.564723,-101.208334,3,Clay loam,180,5,7,8,823,1128,1433,20,32.900002,60,20,33.5,40,0.05,0.1,0.5,4,9,14,0.09,0.11,0.14,26,33,42,24,38,49,4,17,27,0.28,0.28,0,0.2,1,7.9,8.2,8.4,547.507996,16.16,Dockum,1916
2339503,33.4425,-101.203612,3.64,Fine sandy loam,40,0,0.5,2,670,914,1158,53,73.199997,90,3,13,20,0.05,0.2,0.5,14,28,141,0.1,0.12,0.15,34,41,45,0,24,28,0,7,9,0.24,0.24,0,0.5,1,7.9,8.4,8.4,545.94696,16.76,Dockum,1822
2345801,33.279444,-101.419722,0.29,Clay loam,750,0,0.5,1,671,1022,1372,0,34.700001,0,25,32.5,40,0.1,0.3,0.5,1.4,2.7,4,0.1,0.13,0.16,0,39,0,20,31.5,43,8,17.5,27,0.32,0.32,0,1,2,7.9,8.2,8.4,542.416016,17.109999,Dockum,1725
2353202,33.238334,-101.445278,0.39,Sandy clay loam,1000,0,0.5,1,853,1120,1524,25,43,65,22,37,40,0.1,0.3,0.5,4,9,14,0.1,0.13,0.16,32,37,44,32,40,51,15,17,29,0.24,0.24,0,1,2,7.9,8.5,9,551.466003,16.629999,Dockum,1725
2353203,33.238334,-101.449722,0.2,Sandy clay loam,1065,0,0.5,1,853,1120,1524,25,43,65,22,37,40,0.1,0.3,0.5,4,9,14,0.1,0.13,0.16,32,37,44,32,40,51,15,17,29,0.24,0.24,0,1,2,7.9,8.5,9,548.721008,16.629999,Dockum,1725
2354707,33.155001,-101.349445,0.295,Fine sandy loam,658,3,4,5,518,716,914,0,66.099998,0,10,14,18,0.5,0.75,1,14,28,42,0.1,0.12,0.14,0,40,0,15,20,25,1,4,7,0.28,0.28,0,1,2,7.9,8.2,8.4,560.773987,17.43,Dockum,1632
2363501,33.042222,-101.17,0.79,Loam,150,1,2,3,671,1022,1372,0,34.700001,0,25,32.5,40,0.1,0.3,0.5,1.4,2.7,4,0.1,0.13,0.16,0,39,0,20,31.5,43,8,17.5,27,0.32,0.32,0,1,2,7.9,8.2,8.4,516.787964,17.35,Dockum,1588
2364201,33.091389,-101.059723,0.28,Clay loam,65,2,7,12,305,534,762,0,30.200001,0,35,37.5,40,0.5,1.25,2,0.42,1,1.4,0.12,0.15,0.17,0,39,0,35,42.5,50,17,23.5,30,0.32,0.32,0,1,2,7.9,8.2,8.4,511.609985,17.289999,Dockum,1636
2421805,33.646667,-102.449722,0.1,Fine sandy loam,2051,0,1,3,792,1097,1524,55,73.099998,85,6,17.1,20,0.5,0.7,1,14,28,42,0.09,0.11,0.15,37,43,46,18,29,33,3,11,13,0.32,0.32,0,0.7,1,6.6,6.9,8.4,459.134003,15.29,Dockum,1946
2701617,32.927778,-102.905278,1.25,Loamy fine sand,2150,0,1,3,792,1097,1402,70,87.5,90,3,8.1,12,0.5,0.75,0.9,42,92,141,0.06,0.1,0.15,35,38,41,0,21,25,0,4,7,0.1,0.1,0,0.5,1,6.6,8.1,8.4,440.013,16.029999,Dockum,1470
2706611,32.936945,-102.258334,0.275,Sandy clay loam,1380,0,2,3,792,1128,1311,47,70.599998,80,18,25.4,32,0.1,0.3,0.5,4,9,14,0.09,0.12,0.14,35,36,37,29,36,39,13,17,22,0.15,0.15,0,0.5,1,6.1,6.3,7.8,439.616974,16.25,Dockum,1479
2706612,32.938889,-102.259723,2,Sandy clay loam,1380,0,2,3,792,1128,1311,47,70.599998,80,18,25.4,32,0.1,0.3,0.5,4,9,14,0.09,0.12,0.14,35,36,37,29,36,39,13,17,22,0.15,0.15,0,0.5,1,6.1,6.3,7.8,439.967987,16.199999,Dockum,1479
2707302,32.959445,-102.156667,0.1,Loamy fine sand,1965,1,3,5,792,1097,1555,78,84.900002,88,5,10.9,14,0.3,0.5,0.7,42,92,141,0.11,0.13,0.15,37,42,48,17,23,26,2,6,9,0.24,0.24,0,0.5,1,6.6,8,8.4,445.868988,16.25,Dockum,1527
2707604,32.945556,-102.151667,0.1,Loamy fine sand,1754,0,1,3,792,1097,1555,75,85.199997,90,4,9,12,0.4,0.6,0.9,42,92,141,0.11,0.13,0.15,37,43,48,16,21,25,1,5,7,0.2,0.2,0,1,2,6.6,7.4,8.4,445.519989,16.25,Dockum,1527
2711506,32.814445,-102.669722,1.3,Loamy fine sand,5355,0,1,3,792,1097,1524,78,84.900002,88,5,10.9,14,0.3,0.5,0.7,42,92,141,0.11,0.13,0.15,37,42,48,17,23,26,2,6,9,0.32,0.32,0,0.5,1,6.6,8,8.4,414.095001,16.359999,Dockum,1426
2734201,32.480278,-102.831389,0.4,Sandy clay loam,4625,0,4,8,762,877,991,0,55.799999,0,18,26.5,35,0,0.25,0.5,4,9,14,0.1,0.13,0.15,0,37,0,20,27.5,35,7,12.5,18,0.2,0.2,0,0,0,6.6,7.5,8.4,378.565002,16.9,Dockum,1189
2750201,32.219167,-102.831389,1.19,Sandy clay loam,800,0,4,8,762,877,991,0,55.799999,0,18,26.5,35,0,0.25,0.5,4,9,14,0.1,0.13,0.15,0,37,0,20,27.5,35,7,12.5,18,0.2,0.2,0,0,0,6.6,7.5,8.4,358.726898,17.25,Dockum,1048
2751602,32.206667,-102.639445,1.85,Sandy clay loam,1556,0,4,8,762,877,991,0,55.799999,0,18,26.5,35,0,0.25,0.5,4,9,14,0.1,0.13,0.15,0,37,0,20,27.5,35,7,12.5,18,0.2,0.2,0,0,0,6.6,7.5,8.4,365.490997,17.65,Dockum,1003
2752103,32.228889,-102.612501,2.65,Sandy clay loam,1634,0,3,5,762,884,1006,0,55.099998,0,20,27.5,35,0.5,0.75,1,4,9,14,0.1,0.13,0.16,0,44,0,20,27.5,35,7,12,17,0.2,0.2,0,0,0,7.9,8.2,8.4,365.975983,17.65,Dockum,1051
2752703,32.160556,-102.602223,0.8,Sandy clay loam,1600,0,4,8,762,877,991,0,55.799999,0,18,26.5,35,0,0.25,0.5,4,9,14,0.1,0.13,0.15,0,37,0,20,27.5,35,7,12.5,18,0.2,0.2,0,0,0,6.6,7.5,8.4,363.651977,17.75,Dockum,1004
2753806,32.146111,-102.439445,2.38,Loam,1482,0,1.5,3,762,1205,1463,30,48.099998,52,15,22.4,26,1.5,2.3,3,4,9,14,0.1,0.14,0.16,44,46,47,28,38,43,9,15,18,0.37,0.37,0,0.5,1,7.4,8,8.4,365.242004,17.84,Dockum,959
2755103,32.213056,-102.218611,2.692,Sandy clay loam,1600,0,3,5,762,884,1006,0,55.099998,0,20,27.5,35,0.5,0.75,1,4,9,14,0.1,0.13,0.16,0,44,0,20,27.5,35,7,12,17,0.2,0.2,0,0,0,7.9,8.2,8.4,381.803894,18.01,Dockum,1009
2755105,32.245278,-102.216389,2.48,Sandy clay loam,1750,0,4,8,762,877,991,0,55.799999,0,18,26.5,35,0,0.25,0.5,4,9,14,0.1,0.13,0.15,0,37,0,20,27.5,35,7,12.5,18,0.2,0.2,0,0,0,6.6,7.5,8.4,383.827881,17.879999,Dockum,1056
2755401,32.204445,-102.235278,3.276667,Loam,1600,0,2,3,762,1205,1463,30,48.099998,52,15,22.4,26,1.5,2.3,3,4,9,14,0.1,0.14,0.16,44,46,47,28,38,43,9,15,18,0.37,0.37,0,0.5,1,7.4,8,8.4,380.131988,18.02,Dockum,1009
2819201,32.716389,-101.678055,0.1,Loam,1076,1,2,3,670,906,1143,30,31.200001,50,18,23.5,27,2,3.5,4,4,9,14,0.15,0.18,0.19,39,46,48,32,41,46,10,16,19,0.37,0.37,0,0.8,2,7.4,7.6,8.4,479.134003,17.27,Dockum,1346
2819402,32.684445,-101.738889,2.19,Fine sandy loam,1390,1,2,3,792,1097,1463,52,65.599998,80,8,17.299999,20,0.5,0.7,1,14,28,42,0.1,0.13,0.15,38,41,44,20,28,31,4,10,10,0.28,0.28,0,1,2,7.9,8,8.4,470.615997,16.719999,Dockum,1345
2819403,32.686667,-101.748889,2.56,Fine sandy loam,1390,0,0.5,1,792,1097,1555,55,67.199997,85,10,14.9,15,0.5,0.85,1,14,28,42,0.11,0.15,0.16,36,41,48,22,27,28,6,9,9,0.32,0.32,0,0.5,1,6.6,8,8.4,469.425995,16.719999,Dockum,1345
2819407,32.691945,-101.741389,2.57,Fine sandy loam,1350,0,0.5,1,792,1097,1463,52,65.599998,80,8,17.299999,20,0.5,0.7,1,14,28,42,0.1,0.13,0.15,38,41,44,20,28,31,4,10,10,0.28,0.28,0,1,2,7.9,8,8.4,471.063995,16.699999,Dockum,1345
2819504,32.704445,-101.669167,1.6,Clay loam,1060,1,2,3,670,906,1143,25,32.299999,50,18,31.6,35,1.5,2.5,3,4,9,14,0.12,0.16,0.18,42,44,47,31,47,51,12,22,23,0.28,0.28,0,1,2,7.9,8.2,8.4,479.574982,17.27,Dockum,1346
2819505,32.704445,-101.674167,1.695,Clay loam,1125,1,2,3,670,906,1143,25,32.299999,50,18,31.6,35,1.5,2.5,3,4,9,14,0.12,0.16,0.18,42,44,47,31,47,51,12,22,23,0.28,0.28,0,1,2,7.9,8.2,8.4,478.648987,17.27,Dockum,1346
2819604,32.698889,-101.659445,1.6,Clay loam,1100,1,2,3,670,906,1143,25,32.299999,50,18,31.6,35,1.5,2.5,3,4,9,14,0.12,0.16,0.18,42,44,47,31,47,51,12,22,23,0.28,0.28,0,1,2,7.9,8.2,8.4,479.915985,17.27,Dockum,1346
2827601,32.576667,-101.660556,1.8,Clay,1121,1,2,3,670,906,1143,15,21.5,40,28,45,55,0.3,0.7,0.9,0.42,1,14,0.1,0.12,0.14,43,46,52,38,54,62,19,32,37,0.32,0.32,0,0.9,2,7.9,8.2,8.4,474.034973,17.09,Dockum,1252
2828805,32.514167,-101.565278,1.955714,Fine sandy loam,139,0,1,3,792,1097,1524,55,73.099998,85,6,17.1,20,0.5,0.7,1,14,28,42,0.09,0.11,0.15,37,43,46,18,29,33,3,11,13,0.32,0.32,0,0.7,1,6.6,6.9,8.4,473.765991,17.239899,Dockum,1253
2830907,32.516667,-101.255278,1.18,Clay loam,50,0,0.5,2,670,1097,1433,30,41.200001,65,22,29.6,35,0.3,0.46,1,4,9,14,0.09,0.12,0.14,35,38,43,32,39,45,14,20,22,0.28,0.28,0,1,2,7.9,8.2,8.4,510.991974,17.699999,Dockum,1258
2832304,32.593889,-101.001945,0.273333,Fine sandy loam,125,1,2,3,457.200012,617.200012,944.900024,40,55,65,18,28,35,0,0.25,0.5,4,9,14,0.08,0.15,0.17,35,38,41,25,38,45,13,19,25,0.24,0.24,0,0,2,6.4,7.5,8.4,539.280884,17.67,Dockum,1308
2838103,32.498056,-101.353056,1.82,Loam,1000,1,1.5,3,823,1128,1433,25,55.599998,70,18,24.9,35,0.1,0.25,0.4,4,9,14,0.09,0.11,0.13,35,40,41,23,31,43,3,11,22,0.24,0.24,0,0.1,1,7.9,8.5,9,490.463989,17.559999,Dockum,1209
2838601,32.4175,-101.278611,0.2,Clay,72,0,0.5,1,335,457,579,0,22.1,0,40,50,60,0,0.25,0.5,0.01,0.21,0.42,0.05,0.06,0.07,0,38,0,45,52.5,60,19,26.5,34,0.24,0.24,2,6,16,7.9,8.5,9,489.675995,17.75,Dockum,1163
2839101,32.466667,-101.229444,2.455,Clay loam,110,0,0.5,1,1036,1219,1615,27,53.900002,70,20,32.5,40,0.1,0.2,0.4,4,9,14,0.07,0.12,0.15,27,32,39,28,38,49,11,18,26,0.2,0.2,0,1,2,7.9,8.2,8.4,505.968994,17.73,Dockum,1211
2839109,32.459723,-101.2375,3.37,Clay loam,210,0,0.5,1,1036,1219,1615,27,53.900002,70,20,32.5,40,0.1,0.2,0.4,4,9,14,0.07,0.12,0.15,27,32,39,28,38,49,11,18,26,0.2,0.2,0,1,2,7.9,8.2,8.4,504.460999,17.73,Dockum,1211
2846801,32.276667,-101.309445,1.635,Sandy clay loam,221,1,2,3,792,1097,1463,30,48.5,70,20,33.599998,40,0.1,0.25,0.5,4,9,14,0.09,0.11,0.13,34,39,42,27,38,48,8,16,23,0.2,0.2,0,1,2,7.9,8.4,9,479.566986,17.779999,Dockum,1069
2846802,32.276389,-101.309445,2.445,Sandy clay loam,175,1,2,3,792,1097,1463,30,48.5,70,20,33.599998,40,0.1,0.25,0.5,4,9,14,0.09,0.11,0.13,34,39,42,27,38,48,8,16,23,0.2,0.2,0,1,2,7.9,8.4,9,479.566986,17.779999,Dockum,1069
2864501,32.046945,-101.080555,0.465,Silt loam,47,1,2,3,610,724,838,0,6.8,0,24,31.5,35,0.1,0.3,0.5,4,9,14,0.12,0.15,0.18,0,40,0,31,35.5,40,13,16.5,20,0.43,0.43,0,1,2,7.9,8.2,8.4,513.368957,17.799999,Dockum,931
2901601,32.938889,-100.898056,0.226667,Fine sandy loam,147,2,10,20,624.799988,701,807.700012,53,63,78,5,12,18,0.1,0.55,1,4,9,14,0.08,0.12,0.15,33,41,46,15,20,28,1,5,9,0.28,0.28,0,0.5,2,7.9,8.2,8.4,536.270996,17.299999,Dockum,1498
2909302,32.858333,-100.898611,0.87,Clay,115,3,15,30,655.299988,746.799988,838.200012,5,15,35,40,50,60,0.5,1.25,2,0.01,0.21,0.42,0.12,0.15,0.17,35,42,46,40,55,60,19,26,31,0.28,0.28,0,1,2,7.4,8,9,540.920959,17.35,Dockum,1451
2909813,32.750833,-100.918889,0.81,Silty clay loam,227,1,2,3,365,701,823,17,35,53,20,28,35,0.25,0.5,0.75,4,9,14,0.1,0.15,0.18,33,38,46,28,34,43,11,16,25,0.43,0.43,0,1,2,7.9,8.2,8.4,543.399963,17.42,Dockum,1403
2910602,32.793889,-100.778333,1.18,Fine sandy loam,285,1,2,3,457.200012,617.200012,944.900024,40,55,65,18,28,35,0,0.25,0.5,4,9,14,0.08,0.15,0.17,35,38,41,25,38,45,13,19,25,0.24,0.24,0,0,2,6.4,7.5,8.4,553.758972,17.51,Dockum,1405
2910902,32.79,-100.785834,3.07,Fine sandy loam,297,1,2,3,457.200012,617.200012,944.900024,40,55,65,18,28,35,0,0.25,0.5,4,9,14,0.08,0.15,0.17,35,38,41,25,38,45,13,19,25,0.24,0.24,0,0,2,6.4,7.5,8.4,552.69397,17.51,Dockum,1405
2917308,32.717222,-100.913611,0.8,Fine sandy loam,173,1,2,3,457.200012,617.200012,944.900024,40,55,65,18,28,35,0,0.25,0.5,4,9,14,0.08,0.15,0.17,35,38,41,25,38,45,13,19,25,0.24,0.24,0,0,2,6.4,7.5,8.4,543.117004,17.469999,Dockum,1356
2917309,32.7175,-100.895,1.04,Fine sandy loam,215,1,2,3,457.200012,617.200012,944.900024,40,55,65,18,28,35,0,0.25,0.5,4,9,14,0.08,0.15,0.17,35,38,41,25,38,45,13,19,25,0.24,0.24,0,0,2,6.4,7.5,8.4,543.521973,17.459999,Dockum,1357
2917704,32.641667,-100.974167,1.35,Silty clay loam,382,1,2,3,365,701,823,17,35,53,20,28,35,0.25,0.5,0.75,4,9,14,0.1,0.15,0.18,33,38,46,28,34,43,11,16,25,0.43,0.43,0,1,2,7.9,8.2,8.4,541.26001,17.6,Dockum,1308
2917706,32.6425,-100.971389,1.04,Silty clay loam,220,1,2,3,365,701,823,17,35,53,20,28,35,0.25,0.5,0.75,4,9,14,0.1,0.15,0.18,33,38,46,28,34,43,11,16,25,0.43,0.43,0,1,2,7.9,8.2,8.4,541.26001,17.6,Dockum,1309
2918401,32.685834,-100.845556,1.993333,Fine sandy loam,218,1,2,3,457.200012,617.200012,944.900024,40,55,65,18,28,35,0,0.25,0.5,4,9,14,0.08,0.15,0.17,35,38,41,25,38,45,13,19,25,0.24,0.24,0,0,2,6.4,7.5,8.4,546.407959,17.449999,Dockum,1357
2919204,32.730278,-100.690834,1.01,Fine sandy loam,40,1,2,3,457.200012,617.200012,944.900024,40,55,65,18,28,35,0,0.25,0.5,4,9,14,0.08,0.15,0.17,35,38,41,25,38,45,13,19,25,0.24,0.24,0,0,2,6.4,7.5,8.4,566.252991,17.51,Dockum,1406
2919205,32.728889,-100.693056,1.035,Fine sandy loam,80,1,2,3,457.200012,617.200012,944.900024,40,55,65,18,28,35,0,0.25,0.5,4,9,14,0.08,0.15,0.17,35,38,41,25,38,45,13,19,25,0.24,0.24,0,0,2,6.4,7.5,8.4,566.045959,17.549999,Dockum,1406
2920701,32.655556,-100.610001,0.74,Silty clay,180,1,2,3,335,488,640,17,29.6,0,35,40,45,0.5,0.75,1,1.4,2.7,4,0.12,0.15,0.18,0,42,0,30,40,50,15,22.5,30,0.24,0.24,0,0,0,7.9,8.2,8.4,575.948975,17.629999,Dockum,1361
2925405,32.558612,-100.976111,0.33,Fine sandy loam,510,1,2,3,457.200012,617.200012,944.900024,40,55,65,18,28,35,0,0.25,0.5,4,9,14,0.08,0.15,0.17,35,38,41,25,38,45,13,19,25,0.24,0.24,0,0,2,6.4,7.5,8.4,539.718994,17.77,Dockum,1261
2927301,32.605278,-100.640834,2.31,Loam,140,1,2,3,671,907,1143,0,34.700001,50,20,27.5,35,0.1,0.3,0.5,4,9,14,0.1,0.13,0.15,0,37,0,20,30,40,8,16,24,0.32,0.32,0,1,2,7.9,8.2,8.4,569.48999,17.559999,Dockum,1313
2927303,32.607223,-100.631667,1.26,Loam,85,3,4,5,671,907,1143,0,34.700001,50,20,27.5,35,0.1,0.3,0.5,4,9,14,0.1,0.13,0.15,0,37,0,20,30,40,8,16,24,0.32,0.32,0,1,2,7.9,8.2,8.4,570.255005,17.559999,Dockum,1313
2935811,32.389445,-100.683611,1.96,Fine sandy loam,160,1,2,3,518,716,914,0,66.099998,0,10,14,18,0.5,0.75,1,14,28,42,0.1,0.12,0.14,0,40,0,15,20,25,1,4,7,0.28,0.28,0,1,2,7.9,8.2,8.4,558.615967,17.59,Dockum,1171
2936109,32.49,-100.588333,1.945,Loam,170,1,3,5,671,907,1143,0,34.400002,0,20,28,35,0.1,0.3,0.5,4,9,14,0.1,0.14,0.18,0,40,0,25,32.5,40,11,17.5,24,0.32,0.32,0,1,2,7.9,8.2,8.4,551.830994,17.629999,Dockum,1220
2936504,32.443889,-100.545,1.31,Clay,160,0,0.5,1,457,730,866,15,22.1,0,40,50,60,0.5,0.75,1,0.01,0.21,0.42,0.09,0.12,0.14,0,41,0,50,60,70,29,36,44,0.17,0.24,0,1,2,7.4,7.7,8.4,542.695984,17.619999,Dockum,1220
2936529,32.443056,-100.545834,1.225,Clay,200,0,0.5,1,457,730,866,15,22.1,0,40,50,60,0.5,0.75,1,0.01,0.21,0.42,0.09,0.12,0.14,0,41,0,50,60,70,29,36,44,0.17,0.24,0,1,2,7.4,7.7,8.4,542.695984,17.619999,Dockum,1220
2943606,32.295278,-100.633055,0.67,Loam,210,1,3,5,671,907,1143,0,34.400002,0,20,28,35,0.1,0.3,0.5,4,9,14,0.1,0.14,0.18,0,40,0,25,32.5,40,11,17.5,24,0.32,0.32,0,1,2,7.9,8.2,8.4,566.237,17.559999,Dockum,1125
4408604,31.934167,-101.031944,0.83,Loam,292,3,10,30,602,754.400024,838.200012,23,30,40,20,24,27,3,7,12,4,9,14,0.04,0.08,0.1,9,17,36,28,35,40,7,15,20,0.05,0.24,0,1,2,7.4,8,8.4,513.718994,17.709999,Dockum,885
4436809,31.396111,-101.545556,2.5,Silty clay,700,1,2,3,457,648,838,0,7.7,0,35,42.5,50,0.5,0.75,1,1.4,2.7,4,0.14,0.17,0.2,0,41,0,37,48.5,60,20,29,38,0.32,0.32,0,1,2,7.9,8.2,8.4,451.030975,17.98,Dockum,502
4460803,31.041667,-101.560556,2.506667,Silty clay,440,0,1,2,457,648,838,0,7.6,0,30,37.5,45,0.2,0.35,0.5,1.4,2.7,4,0.14,0.17,0.2,0,36,0,30,39.5,49,15,22.5,30,0.37,0.37,0,1,2,7.9,8.2,8.4,456.381988,17.84,Dockum,266
4461705,31.018055,-101.459445,1.5,Loam,660,0,3,5,335,777,1219,0,42.099998,0,10,20,30,1,2,3,4,9,14,0.08,0.11,0.14,0,34,0,25,32.5,40,8,14,20,0.24,0.43,0,0,0,7.9,8.2,8.4,467.674988,17.949999,Dockum,268
4535315,31.488056,-102.649445,1.225,Fine sand,445,8,12,15,15,633,1250,0,94.400002,0,1,5,9,0.5,0.75,1,42,92,141,0.02,0.05,0.08,0,37,0,0,12.5,25,0,1.5,3,0.1,0.1,0,1,2,6.1,7.3,8.4,343.343994,18.739899,Dockum,533
4536301,31.493334,-102.532778,1.5,Loam,259,1,3,5,701,884,1067,0,45.299999,0,5,11.5,18,0.1,0.3,0.5,14,28,42,0.02,0.04,0.05,0,31,0,15,18.5,22,2,4.5,7,0.17,0.32,0,1,2,7.9,8.2,8.4,344.787994,18.65,Dockum,535
4554501,31.202356,-102.319897,2.48,Silty clay loam,200,0,2,3,914,1295,1676,0,6.8,0,28,31.5,35,0.5,0.75,1,1.4,2.7,4,0.18,0.19,0.2,0,50,0,35,37.5,40,15,17.5,20,0.37,0.37,2,3,4,7.4,7.9,8.4,356.005005,19.219999,Dockum,350
4604503,31.949445,-103.583611,2.51,Fine sandy loam,425,0,3,5,610,801,991,0,63.099998,0,3,10.5,18,0.1,0.3,0.5,42,92,141,0.09,0.11,0.13,0,34,0,15,20,25,0,3.5,7,0.2,0.32,0,1,2,6.6,7.5,8.4,321.398987,18.079899,Dockum,849
4605404,31.946945,-103.478611,0.97,Fine sandy loam,320,1,3,5,686,800,914,0,59.299999,0,5,17,18,0.5,0.75,1,4,9,14,0.12,0.15,0.17,0,41,0,20,30,40,5,12.5,20,0.32,0.32,0,1,2,7.4,7.9,8.4,324.897003,17.76,Dockum,851
4608417,31.951945,-103.113056,1.525,Loamy fine sand,470,1,3,5,732,900,1067,0,91.300003,0,3,7.5,12,0.1,0.3,0.5,42,92,141,0.03,0.06,0.09,0,38,0,16,19,22,0,1.5,3,0.02,0.02,0,1,2,6.6,7.2,7.8,318.385986,18.189999,Dockum,856
4612502,31.801945,-103.545,1.4,Fine sandy loam,327,1,3,5,610,801,991,0,66.900002,0,8,13,18,0.1,0.3,0.5,14,28,42,0.08,0.11,0.14,0,43,0,16,20.5,25,0,3.5,7,0.28,0.28,0,1,2,6.6,7.5,8.4,308.130005,18.389999,Dockum,756
4612802,31.768889,-103.576667,0.72,Silty clay loam,262,0,0.5,1,762,838,914,0,7.3,0,18,26.5,35,0.1,0.55,1,1.4,2.7,4,0.14,0.17,0.2,0,45,0,28,36.5,45,10,17.5,25,0.49,0.49,0,1,2,6.6,7.5,8.4,304.583984,18.48,Dockum,708
4612902,31.765556,-103.505278,1.81,Fine sandy loam,285,1,3,5,686,800,914,0,59.299999,0,5,17,18,0.5,0.75,1,4,9,14,0.12,0.15,0.17,0,41,0,20,30,40,5,12.5,20,0.32,0.32,0,1,2,7.4,7.9,8.4,306.296997,18.43,Dockum,709
4613403,31.823611,-103.481111,1.17,Fine sandy loam,330,0,3,5,610,801,991,0,63.099998,0,3,10.5,18,0.1,0.3,0.5,42,92,141,0.09,0.11,0.13,0,34,0,15,20,25,0,3.5,7,0.2,0.32,0,1,2,6.6,7.5,8.4,312.440887,18.239899,Dockum,757
4613601,31.802778,-103.401945,1.96,Fine sandy loam,365,1,3,5,686,800,914,0,59.299999,0,5,17,18,0.5,0.75,1,4,9,14,0.12,0.15,0.17,0,41,0,20,30,40,5,12.5,20,0.32,0.32,0,1,2,7.4,7.9,8.4,309.609985,18.199999,Dockum,758
4613901,31.785,-103.409722,1.35,Fine sandy loam,200,1,3,5,686,800,914,0,59.299999,0,5,17,18,0.5,0.75,1,4,9,14,0.12,0.15,0.17,0,41,0,20,30,40,5,12.5,20,0.32,0.32,0,1,2,7.4,7.9,8.4,309.028992,18.199999,Dockum,758
4616101,31.847242,-103.1025,0.574,Fine sandy loam,405,1,3,5,686,800,914,0,59.299999,0,5,17,18,0.5,0.75,1,4,9,14,0.12,0.15,0.17,0,41,0,20,30,40,5,12.5,20,0.32,0.32,0,1,2,7.4,7.9,8.4,305.363892,18.359999,Dockum,762
4616114,31.866112,-103.097222,1.63,Fine sandy loam,273,1,3,5,610,801,991,0,66.900002,0,8,13,18,0.1,0.3,0.5,14,28,42,0.08,0.11,0.14,0,43,0,16,20.5,25,0,3.5,7,0.28,0.28,0,1,2,6.6,7.5,8.4,307.483002,18.289999,Dockum,809
4616128,31.847778,-103.093056,0.723333,Fine sandy loam,525,1,3,5,610,801,991,0,66.900002,0,8,13,18,0.1,0.3,0.5,14,28,42,0.08,0.11,0.14,0,43,0,16,20.5,25,0,3.5,7,0.28,0.28,0,1,2,6.6,7.5,8.4,306.755005,18.359999,Dockum,762
4616201,31.855872,-103.079858,0.98,Fine sandy loam,393,1,3,5,610,801,991,0,66.900002,0,8,13,18,0.1,0.3,0.5,14,28,42,0.08,0.11,0.14,0,43,0,16,20.5,25,0,3.5,7,0.28,0.28,0,1,2,6.6,7.5,8.4,309.013,18.289999,Dockum,762
4623701,31.659075,-103.237894,1.746667,Fine sandy loam,160,1,3,5,686,800,914,0,59.299999,0,5,17,18,0.5,0.75,1,4,9,14,0.12,0.15,0.17,0,41,0,20,30,40,5,12.5,20,0.32,0.32,0,1,2,7.4,7.9,8.4,305.561981,18.609999,Dockum,666
4629302,31.623333,-103.402223,0.633333,Fine sandy loam,176,0,2,3,1219,1311,1402,0,62.5,0,5,11.5,18,1,1.5,2,14,28,42,0.11,0.13,0.15,0,42,0,15,20,25,0,5,10,0.32,0.32,0,0.5,1,7.4,7.6,7.8,305.582001,18.629999,Dockum,617
4630101,31.585834,-103.352501,0.46,Fine sandy loam,235,1,3,4,610,801,991,0,63.099998,0,3,10.5,18,0.1,0.3,0.5,42,92,141,0.09,0.11,0.13,0,34,0,15,20,25,0,3.5,7,0.2,0.32,0,1,2,6.6,7.5,8.4,307.746002,18.59,Dockum,618
4630801,31.502778,-103.295,0.53,Loam,161,1,5,8,686,953,1219,0,45.299999,0,5,11.5,18,0.5,0.75,1,14,28,42,0.06,0.09,0.12,0,29,0,18,29,40,3,11.5,20,0.2,0.49,0,1,2,7.9,8.2,8.4,312.273987,18.629999,Dockum,571
4631702,31.502583,-103.233333,1.102,Loam,160,1,5,8,686,953,1219,0,45.299999,0,5,11.5,18,0.5,0.75,1,14,28,42,0.06,0.09,0.12,0,29,0,18,29,40,3,11.5,20,0.2,0.49,0,1,2,7.9,8.2,8.4,318.386993,18.67,Dockum,572
4638102,31.471389,-103.339722,1.49,Fine sandy loam,117,0,2,3,1219,1311,1402,0,62.5,0,5,11.5,18,1,1.5,2,14,28,42,0.11,0.13,0.15,0,42,0,15,20,25,0,5,10,0.32,0.32,0,0.5,1,7.4,7.6,7.8,304.662994,18.73,Dockum,524
4638204,31.477778,-103.324167,0.66,Loam,120,1,5,8,686,953,1219,0,45.299999,0,5,11.5,18,0.5,0.75,1,14,28,42,0.06,0.09,0.12,0,29,0,18,29,40,3,11.5,20,0.2,0.49,0,1,2,7.9,8.2,8.4,307.095001,18.73,Dockum,524
4639104,31.498889,-103.224167,0.57,Loam,164,1,5,8,686,953,1219,0,45.299999,0,5,11.5,18,0.5,0.75,1,14,28,42,0.06,0.09,0.12,0,29,0,18,29,40,3,11.5,20,0.2,0.49,0,1,2,7.9,8.2,8.4,319.266998,18.709999,Dockum,572
4646201,31.353889,-103.331944,0.98,Sandy loam,187,5,8,12,762,1067,1372,0,65.099998,0,5,16,27,0.1,0.3,0.5,4,9,14,0.05,0.09,0.12,0,17,0,15,22.5,30,0,3.5,7,0.1,0.24,0,1,2,7.9,8.5,9,301.673981,18.739899,Dockum,477
4646204,31.357223,-103.328611,0.66,Sandy loam,200,5,8,12,762,1067,1372,0,65.099998,0,5,16,27,0.1,0.3,0.5,4,9,14,0.05,0.09,0.12,0,17,0,15,22.5,30,0,3.5,7,0.1,0.24,0,1,2,7.9,8.5,9,302.737,18.77,Dockum,477
4646208,31.345834,-103.299445,1.33,Sandy loam,160,5,8,12,762,1067,1372,0,65.099998,0,5,16,27,0.1,0.3,0.5,4,9,14,0.05,0.09,0.12,0,17,0,15,22.5,30,0,3.5,7,0.1,0.24,0,1,2,7.9,8.5,9,306.414978,18.73,Dockum,430
4646210,31.345834,-103.299167,0.97,Sandy loam,173,5,8,12,762,1067,1372,0,65.099998,0,5,16,27,0.1,0.3,0.5,4,9,14,0.05,0.09,0.12,0,17,0,15,22.5,30,0,3.5,7,0.1,0.24,0,1,2,7.9,8.5,9,306.414978,18.73,Dockum,430
4646218,31.337222,-103.299167,1.235,Sandy loam,242,5,8,12,762,1067,1372,0,65.099998,0,5,16,27,0.1,0.3,0.5,4,9,14,0.05,0.09,0.12,0,17,0,15,22.5,30,0,3.5,7,0.1,0.24,0,1,2,7.9,8.5,9,306.501984,18.73,Dockum,430
4646301,31.339445,-103.286389,1.43,Sandy loam,223,5,8,12,762,1067,1372,0,65.099998,0,5,16,27,0.1,0.3,0.5,4,9,14,0.05,0.09,0.12,0,17,0,15,22.5,30,0,3.5,7,0.1,0.24,0,1,2,7.9,8.5,9,308.722992,18.73,Dockum,430
4646502,31.305834,-103.317222,1.56,Silty clay loam,190,0,2,3,914,1295,1676,0,26.200001,0,26,30.5,35,0.1,0.3,0.5,1.4,2.7,4,0.16,0.19,0.21,0,43,0,35,37.5,40,15,17.5,20,0.43,0.43,2,3,4,7.9,8.2,8.4,305.257996,18.709999,Dockum,430
4646601,31.332222,-103.290278,0.96,Sandy loam,252,5,8,12,762,1067,1372,0,65.099998,0,5,16,27,0.1,0.3,0.5,4,9,14,0.05,0.09,0.12,0,17,0,15,22.5,30,0,3.5,7,0.1,0.24,0,1,2,7.9,8.5,9,307.592987,18.73,Dockum,430
4646602,31.325,-103.275555,1.38,Sandy loam,208,5,8,12,762,1067,1372,0,65.099998,0,5,16,27,0.1,0.3,0.5,4,9,14,0.05,0.09,0.12,0,17,0,15,22.5,30,0,3.5,7,0.1,0.24,0,1,2,7.9,8.5,9,309.807007,18.73,Dockum,431
4654303,31.237222,-103.271667,1.12,Silty clay loam,357,0,2,3,914,1295,1676,0,26.200001,0,26,30.5,35,0.1,0.3,0.5,1.4,2.7,4,0.16,0.19,0.21,0,43,0,35,37.5,40,15,17.5,20,0.43,0.43,2,3,4,7.9,8.2,8.4,312.915985,18.709999,Dockum,384
4654304,31.239167,-103.284722,0.83,Silty clay loam,350,0,2,3,914,1295,1676,0,26.200001,0,26,30.5,35,0.1,0.3,0.5,1.4,2.7,4,0.16,0.19,0.21,0,43,0,35,37.5,40,15,17.5,20,0.43,0.43,2,3,4,7.9,8.2,8.4,311.794006,18.709999,Dockum,384
